{
  "generated_at": "2025-11-04T22:20:38.475119",
  "n_samples": 10000,
  "n_malicious": 3000,
  "n_legitimate": 7000,
  "features": [
    "amount",
    "gas_price",
    "gas_used",
    "num_transfers",
    "unique_addresses",
    "time_of_day",
    "contract_interaction",
    "sender_tx_count",
    "receiver_tx_count",
    "is_malicious"
  ],
  "feature_ranges": {
    "amount": {
      "min": 4.124210064134661e-06,
      "max": 16.65536333411027,
      "mean": 0.6647420779375207
    },
    "gas_price": {
      "min": 0.023390659387445556,
      "max": 184.94850795136452,
      "mean": 59.070441747961446
    },
    "gas_used": {
      "min": 14.609207628364373,
      "max": 258856.59908984843,
      "mean": 64991.86749951926
    },
    "num_transfers": {
      "min": 0.0,
      "max": 21.0,
      "mean": 3.4235
    },
    "unique_addresses": {
      "min": 0.0,
      "max": 22.0,
      "mean": 4.3839
    },
    "time_of_day": {
      "min": 0.0,
      "max": 23.0,
      "mean": 9.089
    },
    "contract_interaction": {
      "min": 0.0,
      "max": 1.0,
      "mean": 0.5174
    },
    "sender_tx_count": {
      "min": 0.0,
      "max": 388853459.0,
      "mean": 209443.9734
    },
    "receiver_tx_count": {
      "min": 0.0,
      "max": 32176001.0,
      "mean": 56588.3174
    }
  }
}